{"number_episodes": 1, "episode_rewards": [906.3999999999861], "mean_all_episodes": 906.3999999999861, "std_all_episodes": 0.0}