{"number_episodes": 1, "episode_rewards": [629.3999999999328], "mean_all_episodes": 629.3999999999328, "std_all_episodes": 0.0}