{"number_episodes": 1, "episode_rewards": [618.4999999999266], "mean_all_episodes": 618.4999999999266, "std_all_episodes": 0.0}