{"number_episodes": 7, "episode_rewards": [765.1999999999623, 820.6999999999696, 817.299999999969, 842.8999999999724, 891.6999999999802, 785.299999999963, 832.7999999999699], "mean_all_episodes": 822.271428571398, "std_all_episodes": 37.811438718456614}