{"number_episodes": 5, "episode_rewards": [822.7999999999682, 789.5999999999672, 805.6999999999614, 823.5999999999649, 863.5999999999834], "mean_all_episodes": 821.0599999999689, "std_all_episodes": 24.677082485583878}