{"number_episodes": 9, "episode_rewards": [693.3999999999362, 647.6999999999273, 795.499999999968, 872.8999999999804, 768.1999999999634, 478.99999999989643, 818.3999999999664, 832.7999999999688, 772.0999999999528], "mean_all_episodes": 742.2222222221733, "std_all_episodes": 113.57528856597776}