{"episode_rewards": [-23.471647509579302, 2.012676056338263, -3.8800687285232973, -9.777419354839568, -17.27791411043015, 28.372222222221858, 23.034328358210757, 10.244827586206142, 80.50200668896801, -33.060893854748635, -16.18391608391669, -10.444827586206904, -42.18494208494287, -6.996551724138834, -41.49194139194215], "mean": -4.040270767821559, "std": 30.17120354787912}