{"number_episodes": 7, "episode_rewards": [870.5999999999755, 817.2999999999628, 910.5999999999881, 842.3999999999669, 844.0999999999759, 833.1999999999684, 895.4999999999847], "mean_all_episodes": 859.0999999999746, "std_all_episodes": 31.693622612226548}