{"number_episodes": 5, "episode_rewards": [765.1999999999623, 820.6999999999696, 817.299999999969, 842.8999999999724, 891.6999999999802], "mean_all_episodes": 827.5599999999706, "std_all_episodes": 40.96425759122789}