{"number_episodes": 7, "episode_rewards": [693.3999999999362, 647.6999999999273, 795.499999999968, 872.8999999999804, 768.1999999999634, 478.99999999989643, 818.3999999999664], "mean_all_episodes": 725.014285714234, "std_all_episodes": 122.43033504316712}