{"number_episodes": 5, "episode_rewards": [693.3999999999362, 647.6999999999273, 795.499999999968, 872.8999999999804, 768.1999999999634], "mean_all_episodes": 755.5399999999552, "std_all_episodes": 78.76711496559403}