{"number_episodes": 2, "episode_rewards": [822.7999999999682, 789.5999999999672], "mean_all_episodes": 806.1999999999678, "std_all_episodes": 16.600000000000534}