{"number_episodes": 1, "episode_rewards": [693.3999999999362], "mean_all_episodes": 693.3999999999362, "std_all_episodes": 0.0}