{"number_episodes": 1, "episode_rewards": [732.999999999957], "mean_all_episodes": 732.999999999957, "std_all_episodes": 0.0}