{"number_episodes": 6, "episode_rewards": [629.3999999999328, 727.9999999999457, 831.1999999999763, 866.4999999999768, 764.8999999999527, 832.2999999999737], "mean_all_episodes": 775.3833333332931, "std_all_episodes": 79.92023975329948}