{"number_episodes": 4, "episode_rewards": [693.3999999999362, 647.6999999999273, 795.499999999968, 872.8999999999804], "mean_all_episodes": 752.374999999953, "std_all_episodes": 87.77947866673519}