{"number_episodes": 2, "episode_rewards": [776.8999999999595, 761.5999999999503], "mean_all_episodes": 769.249999999955, "std_all_episodes": 7.650000000004582}