{"number_episodes": 4, "episode_rewards": [629.3999999999328, 727.9999999999457, 831.1999999999763, 866.4999999999768], "mean_all_episodes": 763.7749999999579, "std_all_episodes": 92.78341379257122}