{"number_episodes": 2, "episode_rewards": [765.1999999999623, 820.6999999999696], "mean_all_episodes": 792.9499999999659, "std_all_episodes": 27.750000000003638}