{"number_episodes": 3, "episode_rewards": [870.5999999999755, 817.2999999999628, 910.5999999999881], "mean_all_episodes": 866.1666666666421, "std_all_episodes": 38.218349286998375}